method,N,M,status,data,sec_per_epoch,sec_per_epoch_min,sec_per_epoch_max,peak_gpu_gib,peak_gpu_reserved_gib,build_sec,num_parameters,minibatch_used,batches_per_epoch,gpu_exclusive,gpu_others,total_epochs,projected_total_hours,latent_size,effective_pseudocount,timing_unit,chunks_required,m_padded,zero_padded,padding_fraction
rbm,500,2047,ok,real,0.035500352969393134,0.03229125705547631,0.03551859804429114,0.15599489212036133,0.177734375,0.1256559349130839,4098047,500,1,True,,100000,0.986120915816476,,,,,,,
rbm,1000,2047,ok,real,0.05854821181856096,0.05845289211720228,0.058571447152644396,0.21248483657836914,0.216796875,0.0012151480186730623,4098047,1000,1,True,,100000,1.6263392171822488,,,,,,,
rbm,2000,2047,ok,real,0.08367859805002809,0.08365992200560868,0.08369815512560308,0.2523665428161621,0.275390625,0.0007250469643622637,4098047,1252,1,True,,100000,2.324405501389669,,,,,,,
rbm,4006,2047,ok,real,0.2509713121689856,0.2501556428615004,0.2510178911034018,0.2829604148864746,0.314453125,0.0004966529086232185,4098047,1252,3,True,,100000,6.971425338027378,,,,,,,
rbm,500,4095,ok,real,0.0648909208830446,0.0648843680974096,0.06506035313941538,0.27428102493286133,0.294921875,0.0008638009894639254,8196095,500,1,True,,100000,1.8025255800845723,,,,,,,
rbm,1000,4095,ok,real,0.11234947806224227,0.11229856195859611,0.11314936820417643,0.35747385025024414,0.373046875,0.0010185949504375458,8196095,1000,1,True,,100000,3.1208188350622854,,,,,,,
rbm,2000,4095,ok,real,0.1491159969009459,0.14869512803852558,0.15108674997463822,0.4222273826599121,0.451171875,0.0009222209919244051,8196095,1252,1,True,,100000,4.142111025026275,,,,,,,
rbm,4006,4095,ok,real,0.4462347258813679,0.44536074600182474,0.44682809291407466,0.4834303855895996,0.509765625,0.0008368589915335178,8196095,1252,3,True,,100000,12.39540905226022,,,,,,,
rbm,500,8191,ok,real,0.1097015889827162,0.10956187290139496,0.10987362498417497,0.5108532905578613,0.568359375,0.0011261790059506893,16392191,500,1,True,,100000,3.0472663606310055,,,,,,,
rbm,1000,8191,ok,real,0.21783494902774692,0.21747080702334642,0.21786386403255165,0.6474518775939941,0.666015625,0.0014240650925785303,16392191,1000,1,True,,100000,6.050970806326303,,,,,,,
rbm,2000,8191,ok,real,0.2745398699771613,0.27188268303871155,0.2748764189891517,0.7619490623474121,0.783203125,0.0018899899441748857,16392191,1252,1,True,,100000,7.626107499365592,,,,,,,
rbm,4006,8191,ok,real,0.8122085731010884,0.8113909598905593,0.8169135500211269,0.8843703269958496,0.998046875,0.001002172939479351,16392191,1252,3,True,,100000,22.56134925280801,,,,,,,
rbm,500,12287,ok,real,0.16474653710611165,0.16392638883553445,0.16680033784359694,0.7474255561828613,0.822265625,0.0014215598348528147,24588287,500,1,True,,100000,4.57629269739199,,,,,,,
rbm,1000,12287,ok,real,0.3236092359293252,0.3234963119029999,0.3262955390382558,0.9374299049377441,0.998046875,0.0021582688204944134,24588287,1000,1,True,,100000,8.989145442481256,,,,,,,
rbm,2000,12287,ok,real,0.42281059990637004,0.42070068093016744,0.4261358759831637,1.101670742034912,1.154296875,0.0021728479769080877,24588287,1252,1,True,,100000,11.744738886288056,,,,,,,
rbm,4006,12287,ok,real,1.2697306829504669,1.267853228142485,1.272283502155915,1.2853102684020996,1.349609375,0.0015885878819972277,24588287,1252,3,True,,100000,35.27029674862408,,,,,,,
wgan,500,8191,ok,real,7.1747741010040045,7.13951656408608,7.19867082987912,8.487202167510986,8.84375,1.1390501640271395,9540405,,4,True,,2001,3.987978604474726,2,,,,,,
wgan,1000,8191,ok,real,7.229222284862772,7.218823577044532,7.2363407970406115,8.502459049224854,8.86328125,0.06041887495666742,9540405,,8,True,,2001,4.018242720002891,2,,,,,,
wgan,2000,8191,ok,real,14.539186955895275,14.535197877092287,14.54557651700452,8.532972812652588,8.90234375,0.058834515046328306,9540405,,16,True,,2001,8.08136474965179,2,,,,,,
wgan,4006,8191,ok,real,29.079775038873777,29.074748787097633,29.085755195934325,8.594183444976807,8.9609375,0.06108050886541605,9540405,,33,True,,2001,16.163508292440675,2,,,,,,
wgan,500,12287,ok,real,10.251177642028779,10.238745765062049,10.255883523030207,12.665170192718506,13.189453125,0.059233910171315074,9551327,,4,True,,2001,5.697946239360996,3,,,,,,
wgan,1000,12287,ok,real,10.237383691128343,10.235612921183929,10.245742460945621,12.688056468963623,13.208984375,0.06252846796996891,9551327,,8,True,,2001,5.6902791016521705,3,,,,,,
wgan,2000,12287,ok,real,20.47436375799589,20.472773873014376,20.48976127197966,12.733829021453857,13.248046875,0.06062883883714676,9551327,,16,True,,2001,11.380333855486048,3,,,,,,
wgan,4006,12287,ok,real,40.947935302974656,40.94382951292209,40.94983856193721,12.825648784637451,13.345703125,0.0625024070031941,9551327,,33,True,,2001,22.76022737257008,3,,,,,,
gpc,500,2047,ok,real,0.13893372798338532,0.13202058197930455,0.1399949120823294,0.5702977180480957,0.57421875,29.926321832928807,15908992,,4,True,,5000,0.19296351108803517,,0.005,per model,1,,,
gpc,1000,2047,ok,real,0.3178634261712432,0.3158581010065973,0.31983312289230525,0.5847644805908203,0.59375,29.980151602067053,16777344,,8,True,,5000,0.4414769807933933,,0.005,per model,1,,,
gpc,2000,2047,ok,real,0.5464711589738727,0.5448972110170871,0.5481708720326424,0.6076111793518066,0.61328125,29.328689688118175,18055296,,16,True,,5000,0.7589877207970454,,0.005,per model,1,,,
gpc,4006,2047,ok,real,1.0517195048741996,1.0512363237794489,1.0637941528111696,0.805666446685791,1.0234375,31.807299225125462,18382976,,32,True,,5000,1.4607215345474995,,0.005,per model,1,,,
gpc,500,4095,ok,real,0.22641012887470424,0.22210928495042026,0.22737719514407218,1.1267414093017578,1.146484375,160.0516639240086,31752320,,4,True,,5000,0.3144585123259781,,0.005,per model,1,,,
gpc,1000,4095,ok,real,0.4122869309503585,0.40896860184147954,0.41456260182894766,1.164088249206543,1.185546875,154.83680777903646,33816704,,8,True,,5000,0.5726207374310535,,0.005,per model,1,,,
gpc,2000,4095,ok,real,0.7864429301116616,0.7835010958369821,0.7895453600212932,1.1988649368286133,1.205078125,165.4077252279967,35733632,,16,True,,5000,1.0922818473773077,,0.005,per model,1,,,
gpc,4006,4095,ok,real,1.7636881731450558,1.576894402038306,1.9504065460059792,1.6001486778259277,2.02734375,175.0362504418008,36831360,,32,True,,5000,2.4495669071459107,,0.005,per model,1,,,
gpc,500,8191,ok,real,0.23964213416911662,0.238747863098979,0.24091445095837116,2.1571803092956543,2.171875,1039.420197750209,58540160,,4,True,,5000,0.3328362974571064,,0.005,per model,1,,,
gpc,1000,8191,ok,real,0.44461863208562136,0.44272014405578375,0.4470237430650741,2.2618813514709473,2.28515625,1038.6777985291556,64307328,,8,True,,5000,0.6175258778966963,,0.005,per model,1,,,
gpc,2000,8191,ok,real,0.9454087789636105,0.9439587460365146,0.9480125999543816,2.329808235168457,2.345703125,1061.8807573509403,68042880,,16,True,,5000,1.3130677485605702,,0.005,per model,1,,,
gpc,4006,8191,ok,real,2.0798144680447876,2.076754543930292,2.085814684862271,3.129871368408203,3.966796875,1053.8220918499865,70828160,,32,True,,5000,2.8886312056177608,,0.005,per model,1,,,
gpc,500,12287,ok,real,0.2841563050169498,0.2831639130599797,0.28437620284967124,3.2834668159484863,3.30859375,3087.8288383129984,90194048,,4,True,,5000,0.3946615347457636,,0.005,per model,1,,,
gpc,1000,12287,ok,real,0.5087986788712442,0.5084840981289744,0.5090376390144229,3.434499740600586,3.447265625,3141.5434473669156,98533504,,8,True,,5000,0.7066648317656169,,0.005,per model,1,,,
gpc,2000,12287,ok,real,1.0784133612178266,1.0772434759419411,1.0796586680226028,3.5289125442504883,3.546875,3272.1371017650235,103743616,,16,True,,5000,1.4977963350247592,,0.005,per model,1,,,
gpc,4006,12287,ok,real,2.3460533760953695,2.3454014379531145,2.3479806559626013,4.734620571136475,6.12109375,3245.4224475310184,107806848,,32,True,,5000,3.2584074667991243,,0.005,per model,1,,,
wgan,500,2047,ok,real,7.218486942118034,7.198586920974776,7.251051081111655,8.487202167510986,8.84375,4.009934999980032,9540405,,4,True,,2001,4.012275658660607,2,,,,8191,True,0.7501
wgan,1000,2047,ok,real,7.251982436981052,7.247689148178324,7.254326933994889,8.502459049224854,8.86328125,0.0632250860799104,9540405,,8,True,,2001,4.030893571221968,2,,,,8191,True,0.7501
wgan,2000,2047,ok,real,14.516089180950075,14.515269943047315,14.517175569897518,8.532972812652588,8.90234375,0.10068158991634846,9540405,,16,True,,2001,8.068526236411417,2,,,,8191,True,0.7501
wgan,4006,2047,ok,real,29.015233089216053,29.00020466791466,29.034894925076514,8.594183444976807,8.9609375,0.05926568200811744,9540405,,33,True,,2001,16.12763372542259,2,,,,8191,True,0.7501
wgan,500,4095,ok,real,7.24948865105398,7.248811555095017,7.250917358091101,8.487202167510986,8.84375,0.060827885987237096,9540405,,4,True,,2001,4.029507441877504,2,,,,8191,True,0.5001
wgan,1000,4095,ok,real,7.250740085029975,7.250172963133082,7.251385540002957,8.502459049224854,8.86328125,0.10405116598121822,9540405,,8,True,,2001,4.030203030595827,2,,,,8191,True,0.5001
wgan,2000,4095,ok,real,14.500097705982625,14.498571984935552,14.504586138064042,8.532972812652588,8.8828125,0.10140327992849052,9540405,,16,True,,2001,8.059637641575343,2,,,,8191,True,0.5001
wgan,4006,4095,ok,real,28.97541935299523,28.973129174904898,28.98090132791549,8.594183444976807,8.9609375,0.05923256906680763,9540405,,33,True,,2001,16.105503923706518,2,,,,8191,True,0.5001
